Date,Close,Volume,RSI,MACD
2023-01-01,100.24835707650561,24638.02452426567,40.96220882748824,0.08951932200277324
2023-01-02,100.17922492592002,22165.586343193594,52.167120100631735,0.06351718016819695
2023-01-03,100.50306919497037,23128.896587671643,56.05681553407457,0.10495527153193351
2023-01-04,101.26458412317439,14965.384422646974,63.18967214828807,-0.0535235211560568
2023-01-05,101.14750743581271,22298.062876032633,38.25685087042413,0.13173940656343258
2023-01-06,101.03043895733812,28254.2493751741,30.439833146339218,0.019759960469239966
2023-01-07,101.82004536509181,45504.74129962578,35.47542520275229,0.20752608726252655
2023-01-08,102.20376272966827,35583.43192135927,66.0007456739242,-0.06891878180895679
2023-01-09,101.9690255367008,64640.163898857936,64.95560310250062,0.17359638031652494
2023-01-10,102.24030555849379,15007.813111191666,53.896524086812335,0.01979107834626478
2023-01-11,102.00859671208755,34069.58461105279,54.020674417346136,-0.06514180036144483
2023-01-12,101.77573183530242,24141.0985933715,56.60146698185022,-0.04838858340543216
2023-01-13,101.89671297108544,65834.64289997227,37.014851144937985,-0.03203473081943202
2023-01-14,100.94007284875654,14703.6472953674,66.5764778369984,0.042416594640191645
2023-01-15,100.07761393250003,14474.432250514967,46.75082099568293,0.05228354880354996
2023-01-16,99.79647016787953,16322.563237032738,45.3255411299799,-0.0573700003938579
2023-01-17,99.29005460771232,7616.3470033284975,50.7567082113135,-0.0024354592260982843
2023-01-18,99.44717827400996,16934.74130135365,31.8786386710022,0.21422703586118638
2023-01-19,98.99316623624935,15069.583736220471,36.65133475024318,0.17275431701007116
2023-01-20,98.28701438558171,23746.653475459112,59.52134465705482,0.04363236696740321
2023-01-21,99.01983877004248,26131.009405036766,33.31194671700506,0.003800347816820029
2023-01-22,98.90695061979922,56279.48832593091,54.12608437865553,0.012003132671826131
2023-01-23,98.94071472214318,35426.37644861252,39.81396438725284,0.061351797273041665
2023-01-24,98.22834062903645,16507.137996146314,45.571824561679065,-0.10227925651984056
2023-01-25,97.95614926677386,14055.831813360346,41.547749470827995,-0.025737653742334513
2023-01-26,98.0116105616288,28168.49927992533,44.226908658597964,-0.16685840738775895
2023-01-27,97.43611377291765,11383.080855608237,58.76183620736982,0.03992231226052793
2023-01-28,97.62396278209047,55035.26182796692,41.884868624927,0.0647195939702741
2023-01-29,97.32364343713108,39724.36714430732,52.656185611875884,-0.0483186462299374
2023-01-30,97.17779656223443,17420.660640613725,49.04201608796399,0.15739867632900328
2023-01-31,96.87694325611974,9352.815832077391,56.546846614505924,-0.12257656630023413
2023-02-01,97.8030823483742,43344.54712426848,67.47318957299032,-0.14643748802098203
2023-02-02,97.79633373600524,20800.453687980884,59.30288388841001,0.022445181855997205
2023-02-03,97.2674782715273,40900.93310143757,38.59761514363027,0.10470983026121546
2023-02-04,97.67875072757889,9924.742598933557,31.247325402451388,0.16839276914578688
2023-02-05,97.06832890259338,16322.707059772125,40.490561771993,-0.045888426286894005
2023-02-06,97.17276070009575,22084.29165328151,53.803117228010194,0.10786808334312957
2023-02-07,96.19292563815587,22549.99891650742,32.05703253937001,-0.003850846950070721
2023-02-08,95.52883261370665,17587.91441629102,49.85464988804945,-0.017262729994081964
2023-02-09,95.62726323164121,30074.2609259072,53.87371395667557,0.08836599374866724
2023-02-10,95.99649652163892,12915.582218465759,43.369755632678434,0.06523228784134197
2023-02-11,96.08218066223391,20512.920963711284,60.836488149832874,-0.15763921569842496
2023-02-12,96.02435652103978,23391.96381977231,34.263930125350875,0.14765403497258958
2023-02-13,95.87380467324513,28487.464204778917,33.00551126943235,0.13800913541474516
2023-02-14,95.13454367806142,31439.094305286424,59.12755024814413,-0.06255627015095294
2023-02-15,94.77462157386407,12552.548028118475,49.81965264824794,0.03958035334374091
2023-02-16,94.54430218838418,10228.599155594085,57.536095857109444,0.049403018628273884
2023-02-17,95.07286330149364,41724.276595712974,47.39309354414985,0.026067376582390712
2023-02-18,95.24467244627786,26007.936124587897,39.856081329564276,-0.05503051538454201
2023-02-19,94.3631523685965,15150.01394988716,62.764092706967986,-0.06716233679380516
2023-02-20,94.5251943532939,47838.01942370108,61.976635158759166,-0.002555407099144528
2023-02-21,94.33265321308573,23337.979107373783,57.78785883417707,0.11727290192593648
2023-02-22,93.99419221293276,39721.52821162573,40.8858054891985,0.05436001545944324
2023-02-23,94.3000303573532,22782.756631152333,53.609226674763484,-0.0370614332086106
2023-02-24,94.81553011860117,61720.657689595835,44.438955877601074,0.07716987106483447
2023-02-25,95.28117017815927,52980.03488180725,33.66328293306537,-0.28485426206300757
2023-02-26,94.86156141654794,19448.35803639573,66.69254301848972,0.11487657003721036
2023-02-27,94.70695522862233,35802.94657181853,35.472745236758456,-0.17397137787780997
2023-02-28,94.87258694432413,30414.90230832561,68.0094941528321,-0.03624409414031322
2023-03-01,95.3603595078853,43665.59532910271,47.84023091831823,-0.1119669894626144
2023-03-02,95.12077238896265,13596.100051890171,37.405317153544786,-0.12946814757209058
2023-03-03,95.02794290063075,31039.806177597213,51.67603789513433,0.11608267873785194
2023-03-04,94.47477541362774,37392.00697907368,64.91783343505634,-0.04677012013118914
2023-03-05,93.8766721015874,9141.961584452834,59.28899545638245,0.03465038817307158
2023-03-06,94.28293501278449,12189.994163329393,62.26244591445799,-0.0046920578879184075
2023-03-07,94.9610550270699,7945.681965691731,56.35133466842869,0.04770408272231215
2023-03-08,94.92504996627974,19250.582187743013,57.6910625807141,0.007682189106025536
2023-03-09,95.42681641522576,31532.40820702798,63.96782606261277,-0.12829922241885697
2023-03-10,95.60763442774957,46685.015552176046,39.986720354367435,0.09962668194471401
2023-03-11,95.285074550447,22857.79303894401,49.576998545725615,-0.04937565831613125
2023-03-12,95.46577235320122,49727.221218790735,38.84837767278409,-0.15565818986597513
2023-03-13,96.2347906364342,11047.387690444792,69.50672031986588,-0.04281151609659126
2023-03-14,96.21687761687923,9398.531948053656,67.76237358746454,0.1500759790634311
2023-03-15,96.99919944478623,21423.123404000806,31.577072454740236,0.08502217421134929
2023-03-16,95.68932689274135,26689.692588247595,58.22300690062754,-0.03486521344078592
2023-03-17,96.10027814492896,21669.318086656094,67.00993269662663,-0.03492577043184288
2023-03-18,96.14380167904805,7834.395123663166,37.223013805093345,-0.03216350512173826
2023-03-19,95.99429800381512,21066.512644126928,52.717809222105174,0.2076747983560841
2023-03-20,96.04017839208286,11473.155138363218,66.61953190352168,0.03819354522315534
2023-03-21,95.04639393478243,30786.64510414538,31.357839143431953,0.043004164719106966
2023-03-22,94.93655799086366,26457.610383051287,57.8968106898736,0.10302834540318423
2023-03-23,95.11511427661954,13767.418575111202,41.89396029490203,0.023878915902651354
2023-03-24,95.8540612989903,17035.702047881292,66.97584781506121,-0.025904214582070314
2023-03-25,95.59492618985348,12969.98653384008,68.84232980661471,-0.019634984908497827
2023-03-26,95.19067938840688,21346.87101759568,67.77065956453735,-0.007160125941406395
2023-03-27,94.93980086661462,35510.05448351367,48.96856866629855,-0.003722223650984159
2023-03-28,95.39750192546565,13455.41594987553,64.48170603957254,0.072762954363698
2023-03-29,95.5618774802955,28339.822720088374,63.78197594140281,0.005194588580729943
2023-03-30,95.29699737841197,16896.659029636852,42.76401892973023,0.07326400772155793
2023-03-31,95.55363109496865,14817.490964392533,63.1566189660271,-0.008071658010858232
2023-04-01,95.60216986964267,20878.700845604337,31.480305388619705,0.00786351903160906
2023-04-02,96.08649236490912,13126.37493322444,53.85079513928212,-0.19982006845321076
2023-04-03,95.73546581797044,16700.18952806556,39.200353491508125,0.09163276747024815
2023-04-04,95.57163474467156,12101.21395855342,34.822675431091156,0.03464884758979927
2023-04-05,95.37558066810547,58827.373805038864,33.078128065168364,0.09980101098596522
2023-04-06,94.64382319403941,22418.27550557022,57.85155103512559,-0.28962553781936895
2023-04-07,94.7918833325717,15523.91855377912,43.59499855072265,0.20883747047807277
2023-04-08,94.92241096866165,24513.76205518033,58.99067086115046,-0.013958962815517376
2023-04-09,94.92496769698288,20823.469587826567,32.614253631957695,0.11081828167375166
2023-04-10,94.80767413029531,19722.496159322447,42.61161351322441,-0.10399059271255309
2023-04-11,94.0999887592701,29943.97306351107,51.57965169501349,0.06127739050625697
2023-04-12,93.88966609788741,32168.849453787887,61.628926593558546,-0.10534155631736562
2023-04-13,93.71830883962403,16894.601739642105,42.7501001172828,-0.062376896069580516
2023-04-14,93.31717020501323,16516.098975262023,55.03565505748036,0.19140313538667864
2023-04-15,93.23652734918022,19196.325345127272,65.43910992944748,-0.01906824007633466
2023-04-16,93.43855277758749,6967.692711703779,54.63452752729218,0.021743287317972287
2023-04-17,94.38164572819275,10325.836886227935,39.31837899014535,0.08700677306887543
2023-04-18,94.46893463460867,43627.24562053524,30.97603126226152,0.049568188797260465
2023-04-19,94.59770982997006,50135.461785214524,64.80395495603719,0.015041890514357642
2023-04-20,94.56048687208697,19447.65896725449,30.850776434015486,0.036496100246622545
2023-04-21,93.60110126443745,29386.141996198312,64.98806690736798,0.24034155852382752
2023-04-22,93.58784432671284,25735.459764640622,51.157485361088476,-0.005761879703358539
2023-04-23,93.61795943168336,102686.95878161729,67.56270794051585,0.020109904671496752
2023-04-24,94.849580487926,38552.9328693402,61.951329430946615,0.1050654396007612
2023-04-25,94.75340000553544,20661.786373591727,69.9173644213335,0.11055259329579839
2023-04-26,94.90417367670224,13660.036152262419,44.028472618068406,0.11870303055603802
2023-04-27,94.88681779184962,9865.280381238425,60.68753155724508,0.06387302220291846
2023-04-28,94.30247877303985,24385.203610465996,46.07723654436968,-0.11430049127304837
2023-04-29,94.87389018029737,15090.559481114415,49.195024812156355,0.16334315323010962
2023-04-30,95.24985669664075,10816.988053396743,55.1002185287348,-0.1146345393018688
2023-05-01,95.64537267016227,15942.018219976628,64.94708456745354,0.030263546523903326
2023-05-02,95.1906789427649,12825.953294000758,69.36333876797181,-0.0754275850019358
2023-05-03,95.89207609823296,51203.891681139234,60.73093655458073,-0.006413834659299254
2023-05-04,95.19115056683681,34228.704314638395,46.710671286693355,0.032876241030348044
2023-05-05,95.48457911373696,21938.83601542118,46.854280091082806,0.03213572154502731
2023-05-06,96.57980692664194,46164.76249268638,59.50329206355566,0.04219207542352848
2023-05-07,96.0845387640766,22895.236477554427,39.55108583073209,0.16137112690586472
2023-05-08,95.80138989927521,14319.218991618787,34.41896452525579,0.045353430151397985
2023-05-09,95.85121558181903,47172.29545920787,44.18488630563106,-0.02441566352906487
2023-05-10,95.59947775476093,28838.16671226019,41.489559666163274,0.09640871682883573
2023-05-11,94.82414603922787,13113.229994927988,41.8523248182396,0.11894704889246406
2023-05-12,94.85842752663088,20026.880215922683,39.344310041996394,-0.12276078151369925
2023-05-13,94.32727566976783,14216.959661763956,31.683727585454477,0.059740006984985806
2023-05-14,94.56407188508541,11032.493307402114,30.714957389336554,0.07011727423108984
2023-05-15,94.10435976796852,34999.49016901272,69.50889558944127,-0.029756350335999195
2023-05-16,94.87932697047728,57222.83552901856,47.110925349434496,0.13757068133116196
2023-05-17,94.48770032430917,10945.855966765,45.373065886387266,-0.015005558703252674
2023-05-18,94.32666956620633,29187.173216653904,57.1858913077228,0.012557645347154226
2023-05-19,94.73342817489116,15909.611706984739,38.730155514602565,-0.017307182428386962
2023-05-20,94.11799601667418,17265.012056042517,67.99844735800902,0.0015579047581467534
2023-05-21,94.23172598397625,16379.781827608986,61.453800576622086,-0.10962750868952019
2023-05-22,94.88529736111747,14299.854125186976,33.57644009249038,-0.14400508825942945
2023-05-23,94.08155574383684,22567.38077170128,46.70323103139714,0.15945050632249724
2023-05-24,94.173872673103,14538.05454304236,65.16473230248658,-0.08469613483183279
2023-05-25,94.30381407022722,25215.859300970555,67.7892808916564,-0.09913923494563072
2023-05-26,94.69472550611587,21480.072960222424,48.69606044999479,-0.21533901136037148
2023-05-27,94.07625015067683,19546.00069716703,54.53645556842831,-0.06389617476895022
2023-05-28,93.41602184413469,13991.680318364459,36.68135784368301,-0.13230897934074984
2023-05-29,93.67699262694313,16508.230186571032,69.64674504547907,0.16420151601363692
2023-05-30,93.82548496355973,32134.825028855612,39.26686805533774,0.10098170893426342
2023-05-31,93.95073138873268,28295.51509353378,67.70927096540503,-0.06881503451777238
2023-06-01,94.12395549348116,13510.499158414998,55.985865959694735,0.2252435805344309
2023-06-02,93.78394313269192,23148.05763907517,54.309471795154366,0.09817654869915943
2023-06-03,93.90006998127241,32070.553821570065,50.50754044066034,-0.032483138350862244
2023-06-04,94.04660621792175,9559.56362840489,39.22679246871034,-0.24994057148735732
2023-06-05,93.68943050890857,28902.405218467207,37.061121280220334,0.22909425725907417
2023-06-06,94.62231776448095,15814.588574763251,38.819448362807016,-0.1389572466763596
2023-06-07,94.85923422493684,29298.726628909648,37.45753048577018,-0.1645398746956892
2023-06-08,94.26358247633551,15038.523508821674,61.18337894267013,0.10225704320096403
2023-06-09,94.59185928065243,8933.459042627477,44.005010366669204,0.24397524063392728
2023-06-10,94.10451844553877,9761.767712179455,32.313707062535855,0.13842728185105183
2023-06-11,94.49806074741,22562.45393318573,68.76410520563246,0.056390912005235966
2023-06-12,95.0773585369137,25080.884238923514,65.35143539853703,0.0594754341665286
2023-06-13,94.66701737773785,14014.41451947209,67.11009132780852,0.08534155587803077
2023-06-14,95.14870544236001,30311.917451147274,69.7963129058574,0.07589285897867652
2023-06-15,95.35509590582825,9597.327649552013,36.95580996877949,0.02811914239693758
2023-06-16,95.7661259858255,21310.604692267414,45.84968075610635,0.010420110395187608
2023-06-17,96.71452247715247,12021.979761216433,60.32953902816365,-0.006259312789952242
2023-06-18,96.59182841915104,15900.120170914632,57.84082472215169,-0.07539645888666763
2023-06-19,96.2149603369723,22554.713233396375,36.1558362535942,-0.028067507686677408
2023-06-20,95.77020312215953,14325.455195210114,62.63332499962471,-0.16929568141953855
2023-06-21,95.36229797967681,18173.544703927033,38.97762287346643,-0.00983396267947499
2023-06-22,95.32374712496976,36429.94588708614,38.95270459290492,-0.09885911071509175
2023-06-23,95.49432311237808,16507.2352741465,51.47897691573654,-0.1103589317215771
2023-06-24,95.6326685120431,33451.304256855416,53.71759739366813,0.017989415115347848
2023-06-25,96.0462601365611,12520.800404357959,53.203448313512446,0.13920022863445994
2023-06-26,96.05276108250006,28707.166917631534,33.65947349591019,0.0918316606002313
2023-06-27,96.77952812107871,45287.408298594244,65.09843450521521,-0.15705006036231772
2023-06-28,96.64719970445974,6400.796725354378,40.624001703548245,-0.09896281365703376
2023-06-29,98.00728428775454,14787.71980271,35.18059685131217,0.0940771187988216
2023-06-30,98.32011796163705,29393.712314206503,65.54992319475909,-0.09824873935383097
2023-07-01,97.8915391834289,19900.045695744255,68.22605992919014,-0.02246331499970246
2023-07-02,97.35609293439835,26517.838506163178,64.48510469061802,0.05500520990245519
2023-07-03,97.59732914201994,16285.125214735022,62.38064298899512,-0.09683444548636354
2023-07-04,97.48559774935703,23001.044196681218,56.20967922556087,0.010537550614595992
2023-07-05,97.84259799640307,20376.985522208255,52.034294824365574,-0.13340254949182045
2023-07-06,98.07921680868984,39493.4861948006,33.479470396456406,-0.06013676439512137
2023-07-07,98.0428023523614,25014.48714093084,46.338128522827944,0.031978193414253696
2023-07-08,97.6194054933272,26076.800571387037,44.90754068049256,-0.15929937335316693
2023-07-09,96.86198188098427,17926.969195774243,40.39015135041305,0.044047473796039904
2023-07-10,96.63872440495075,17260.86169812177,58.936804547543396,-0.001963779892668122
2023-07-11,97.0669238021125,17742.548538064886,49.835029403150834,0.05524899544171478
2023-07-12,97.1739706741776,26828.66196142085,33.24184863630592,0.022391413406466144
2023-07-13,96.5511012848216,17845.519719380805,38.80732807799245,0.13641404299738444
2023-07-14,96.6376917477472,25460.599751399124,57.33035054638384,0.012522450264790728
2023-07-15,96.83035043761161,62174.51072515818,33.045234379612005,-0.0429405541125253
2023-07-16,96.38842171951104,34049.21822568006,64.04827656195076,0.012229750303228377
2023-07-17,96.46528427248381,18713.27106797,49.80586108055897,0.05432980290363879
2023-07-18,96.49438863170681,40159.205109595845,49.22346309306592,0.004886007032570434
2023-07-19,95.9229034827915,17961.077122827384,53.6963113863807,0.004059169120388238
2023-07-20,96.10179716296564,7950.083672303744,62.987238637005966,-0.07019916878067554
2023-07-21,96.38218942614975,13305.820426622076,43.91236831608772,-0.06629009175509482
2023-07-22,96.92371504773739,8643.8558353626,57.12064610236254,-0.14026052717996937
2023-07-23,97.45061607375484,18476.28428184646,52.62927855983165,0.17495767431869394
2023-07-24,96.7617813897763,22230.24859140009,40.68113080677685,-0.12438632353912851
2023-07-25,96.29286886981873,50930.57226588548,65.14519945420632,-0.06929051977959073
2023-07-26,96.55038650342307,25937.98269900689,61.89704086427712,-0.07184072655691974
2023-07-27,96.80727947887917,19740.93614448085,56.338073386337015,0.08949243769444414
2023-07-28,97.06480332203219,33346.32300663773,64.02326916376967,-0.02949496782920278
2023-07-29,98.99116906735955,7291.265074151514,64.6917680383921,0.12477420726737339
2023-07-30,99.27661432270614,24780.37477236108,58.334519068601395,-0.06734906242438686
2023-07-31,99.84439714279644,32384.415952364154,63.48053313454688,0.027899416222380197
2023-08-01,100.32139802454304,10516.564632451174,57.898858466771344,-0.08353470532597573
2023-08-02,100.64709365019594,39021.84988162538,57.205630870412016,0.21451491277733883
2023-08-03,100.48945902787577,26088.45618601031,54.74445512860737,-0.11875984190295129
2023-08-04,100.8689436381224,17896.421274644283,60.10866558230565,0.030982071022702753
2023-08-05,100.48253103085362,30223.98015226392,36.344204211722946,0.06337768809320986
2023-08-06,100.3641217274836,68551.90187153213,65.23483036795713,0.04137990974514982
2023-08-07,100.12143995356905,24123.292042356,64.87374110980929,-0.018528765887770828
2023-08-08,100.16237702326222,24937.05909687653,31.169891321382366,-0.012982069973342617
2023-08-09,101.31970630659897,17506.360486169327,63.03267002259051,0.0043811471979109595
2023-08-10,100.3860737103031,14401.358411798868,35.154794698937806,-0.014700200162848863
2023-08-11,100.72920380549036,33361.83657858232,43.40475417036568,0.09638791167949097
2023-08-12,99.92284586989553,14356.500096784273,59.74033025166431,0.22105230015913513
2023-08-13,99.68687993700081,22828.91284041605,36.43039584193233,-0.05574917850078336
2023-08-14,100.2313552354845,17346.937843312946,62.718680964762484,-0.13698029795790778
2023-08-15,100.26349524503223,27986.846554532,63.28536711830968,-0.008828204835125482
2023-08-16,99.72462285606757,26025.472596437878,50.29870935043345,0.25797093376543184
2023-08-17,99.36697100143759,37003.581051880996,30.255434868673344,-0.08036745679697309
2023-08-18,99.70676987590493,17068.53178341065,41.48152532699651,0.16391168054440675
2023-08-19,99.34158656004637,19246.077108040372,54.67707673502969,0.16777008140764407
2023-08-20,99.44981585483735,13502.338101159023,69.24744712109694,-0.05535882417079946
2023-08-21,99.47260177478925,17638.74831708648,55.272541080666734,0.05689830791852754
2023-08-22,99.14680160098635,26599.56780013137,40.39214324256639,0.16283966231285382
2023-08-23,100.21877364564901,32160.501218463243,55.360228123984456,-0.037912774098748714
2023-08-24,100.53573315680802,13889.901411391136,51.59941518863422,-0.02035803601023618
2023-08-25,99.52316186347922,34023.371348420886,61.19381580604575,-0.058168091394864375
2023-08-26,99.61638902086392,43382.82608308906,34.279225553078334,-0.10147567306928669
2023-08-27,99.28549578847974,27084.515278172614,60.44111610008112,-0.06492775450660071
2023-08-28,99.71171245587784,56297.077663962154,51.65066314704441,-0.12239402667622566
2023-08-29,99.3154520866615,14959.553434504664,68.51968015435978,0.0034083468259226072
2023-08-30,99.25808386592804,11821.469995681777,43.674886641547445,-0.07699732310586418
2023-08-31,99.51057750541827,9051.084606615404,55.304875725357924,0.023378591179074773
2023-09-01,99.94345510250334,46537.89266477348,67.2811242204007,-0.15558956462036275
2023-09-02,99.34330689897544,30551.920542651616,34.10038911962717,0.03308802322144571
2023-09-03,99.17605628105497,21422.7273796538,67.48913948945804,0.08335289616089248
2023-09-04,98.9385836254745,25336.069039210255,57.51542889203253,-0.19937356425714556
2023-09-05,98.61191900918763,12547.233428957254,32.713482364206875,0.037405656984757216
2023-09-06,99.49464612932819,74822.65480332603,42.03854267787265,0.12276689924732923
2023-09-07,99.69713698480867,23496.59018250489,58.32688354581126,-0.12096410186912054
2023-09-08,99.06669500764114,23264.81464903466,32.69402405875087,0.16725723868377035
2023-09-09,99.52562598116853,31662.342246400993,53.28681840705093,0.04190190093660452
2023-09-10,100.58670407967485,28015.25930436929,43.83532227811827,-0.07050118557584088
2023-09-11,101.10293670995041,24635.456667206232,54.83662071069908,-0.005576907765770601
2023-09-12,100.3432517269734,14835.270586227847,31.829681352500515,0.055832691252172245
2023-09-13,100.10113469054029,27881.932532750565,64.86147224609505,0.007600539141241151
2023-09-14,100.73459026513359,56444.4500331851,68.93955876709587,0.05387559924463692
2023-09-15,100.3807555323242,43161.75249150441,68.75511421142767,-0.09206735930793664
2023-09-16,100.60266524639732,48854.08675915068,59.98607326971699,0.0169360824036078
2023-09-17,100.98998227311199,17058.29989771974,35.20344960522528,-0.14137144969049803
2023-09-18,100.52651703732295,13429.345979671923,60.3305278371609,-0.011122606134870032
2023-09-19,100.49675435929205,20683.809841156282,30.98347665835206,-0.09039076414647898
2023-09-20,98.87612068925752,22648.806947953395,30.88494206115989,-0.07355299425897666
2023-09-21,98.36392686859037,38066.72268940363,42.94440876598165,0.12360931752104375
2023-09-22,98.23764279289378,9449.977931013644,49.54572761618663,0.10913101205942691
2023-09-23,97.61375120191136,47324.10952474576,60.816296712311726,0.0609138120907177
2023-09-24,98.42995685387719,20353.253407776887,57.33181506426021,-0.1092312764672579
2023-09-25,97.71488616489687,17792.983355002423,47.83610825506993,-0.03164084496948019
2023-09-26,97.49486392154837,13279.115439889332,40.945066651266636,0.12130976999791834
2023-09-27,97.56023421019142,9629.356345329126,69.88498000630844,0.014171691363990475
2023-09-28,98.28087085472447,33242.52776581293,47.04725208943891,0.23193295399816943
2023-09-29,97.56293977913475,22848.91664484443,48.05548097318702,0.03933178393943719
2023-09-30,98.14452165521223,11556.687470055014,36.544952847666764,0.019204911649003162
2023-10-01,98.14963818572203,11527.152449815583,61.79238194999718,-0.03091164642025014
2023-10-02,97.65888386019806,18622.161898629893,57.74728903125954,0.013354090478228232
2023-10-03,97.88993559732968,50742.07680489579,38.83078451155042,-0.015246983638054391
2023-10-04,97.98946544511642,19345.2912834094,33.295241824633706,0.07081086766885905
2023-10-05,97.68935700653702,10388.228025941145,57.21997208298852,0.09567023167945841
2023-10-06,97.72425804903203,19479.705674238114,56.18044857124541,-0.07859894605079495
2023-10-07,97.53160125060116,19218.684101656723,40.930381079928374,-0.1331232953557778
2023-10-08,97.58835992322678,5719.0425187149385,68.0345424900164,-0.18362053731032968
2023-10-09,97.9194252604873,21436.54739939372,36.04231567123601,0.05079913269125437
2023-10-10,98.71243366855998,19624.473904860886,47.29339204170408,-0.11033666061738737
2023-10-11,98.09352591914656,31197.810105461773,67.74463680670395,-0.2152890592952483
2023-10-12,99.16004260647469,55518.859202971464,46.78909267704489,0.038857860453096416
2023-10-13,98.18399870671344,38687.91339156781,55.54103790656342,0.24929995174327907
2023-10-14,98.10810615919564,19255.57011959883,45.90377591851177,-0.0006070911539893324
2023-10-15,98.40226476243794,12666.766677852347,40.9686080939468,0.08384907744516419
2023-10-16,98.54276069630545,79752.22353897979,69.35910591839313,0.008182935854756502
2023-10-17,98.23141093639515,22688.403570368544,46.37336025260172,-0.009888965319114268
2023-10-18,98.12734981121652,22180.40778420445,65.76396814716537,0.09190764829877686
2023-10-19,97.88084934388709,21762.36664782921,39.198184235643446,-0.029027454418865135
2023-10-20,97.58616696541499,24319.70923920714,38.52418816100333,0.026739231407190298
2023-10-21,98.0109680139255,20492.61372366652,31.245363315380455,0.032169780619601365
2023-10-22,98.18947575690802,16533.9148624744,56.066673015035406,-0.06680904536430488
2023-10-23,97.84302095927771,16756.986074588236,44.74105374895045,0.09920423495365228
2023-10-24,98.29282089699433,21668.68402869542,64.57432999358548,-0.017495975669540864
2023-10-25,98.44647065743263,16785.78396205096,48.928396267662286,-0.07557451594928448
2023-10-26,98.85290171685212,15422.412825762287,68.72773711658887,0.053650984357040354
2023-10-27,99.16771613781391,23230.35514484781,37.42102062812484,-0.08984679817910374
2023-10-28,98.75321863235288,19389.973688813097,64.74492671822443,0.002818115736912825
2023-10-29,98.4731281122544,46723.21803441574,61.06387411166967,-0.0009118996644203544
2023-10-30,98.84677491481602,5851.861506237508,60.83687378576208,0.10858955658315782
2023-10-31,99.15196004753275,38015.65874098224,63.79132912467551,0.04746982328799528
2023-11-01,99.14150925055068,41070.385620287816,60.440959637719956,-0.002502695874514392
2023-11-02,99.20017294220507,7811.1297276152,55.048812865256615,0.08177662992002871
2023-11-03,99.83900539009929,18557.99927710469,35.249795107295505,0.13902075490173135
2023-11-04,99.54321969568137,18293.10637430197,31.301047179650077,0.055781030635186225
2023-11-05,99.81676838626639,10897.014729094772,66.83391391262748,0.0010352619843380607
2023-11-06,99.71567206004944,14929.459031273786,54.66601258082952,-0.13118362323501595
2023-11-07,99.60683145843583,12641.142828577784,61.86149163904705,-0.10651136630753727
2023-11-08,100.15621988442943,52898.76235895881,49.260894060502004,-0.030522470435466766
2023-11-09,100.56892805892345,35166.14807973971,34.692327558495776,-0.06095122021592832
2023-11-10,100.97568287692377,41596.75953812097,35.00743168810202,-0.0186971302985446
2023-11-11,101.62842228050093,31597.58687745633,57.422611489158854,0.005664992489710717
2023-11-12,101.63892420131731,12524.902160572106,47.21223579597851,0.052969275435673084
2023-11-13,101.9799006869648,16945.199661043596,38.02098906801347,-0.007049877805909122
2023-11-14,101.82476730866806,28132.683142884387,49.66378186965748,0.048650164382620195
2023-11-15,101.98685048491228,11955.373189059104,32.568357483005364,0.006447441481012024
2023-11-16,101.92177895772845,31460.850641889654,53.27885607657595,-0.19754665663538715
2023-11-17,101.9702769402248,19532.544476530416,40.75973617740391,-0.09393353938187543
2023-11-18,102.26785545294325,18262.217666968496,61.90236402548753,-0.014408755572161548
2023-11-19,101.85874511132653,31428.801103833943,42.41447835694295,-0.12096947428411076
2023-11-20,102.90493874916925,27505.235730782515,48.20880596327205,0.05999287299962045
2023-11-21,102.4019300584194,18389.165103612107,30.464821596324025,0.15307508323436975
2023-11-22,101.79483575202553,39326.9338054866,32.89787551178235,0.12187618516973167
2023-11-23,102.37389118877557,12829.06188661295,45.69974225626739,-0.021344287093020803
2023-11-24,102.76972253575704,29970.468829214802,49.19755338868494,0.14907261368499522
2023-11-25,103.08178244428312,29630.236697728735,54.00082192477215,0.014866745720211155
2023-11-26,103.39595519891526,18868.078037055646,41.66650314837213,-0.033708597111803934
2023-11-27,103.38983181249179,25927.68280655822,57.7992754450617,-0.06134026635409398
2023-11-28,102.94120462674888,11783.354886845918,64.40489588756819,-0.030246968648812836
2023-11-29,102.97910690584574,34961.87669736583,61.194039555733994,-0.038817681854122876
2023-11-30,102.64052605008969,20081.392756393445,31.584753013934286,0.01704162223754877
2023-12-01,103.12808591679857,16960.433849041186,49.220277890313156,0.01605739810498646
2023-12-02,103.05455722604749,37216.392913717726,34.197207136726995,0.000304602015341447
2023-12-03,102.64180862765124,15488.113763065312,39.6818006345011,0.04369381697463499
2023-12-04,102.48111570682474,10891.84204562895,69.46650373068586,0.11906462747863414
2023-12-05,102.68758143396255,10114.09640304283,35.69982171606053,0.09495541354413238
2023-12-06,102.40571915756057,29822.099024770527,49.95552613805424,-0.14848979684499036
2023-12-07,101.99460895977735,11611.89547629883,54.72622937272476,-0.25539211349019547
2023-12-08,102.1164525655233,52965.555815591775,58.098598821764156,0.09343199112392737
2023-12-09,102.23893585107767,7777.850518717974,52.385947339476566,-0.1366878698415421
2023-12-10,101.9854642633921,51442.92317306642,30.390833896767347,-0.022476540189268354
2023-12-11,101.74994511058294,24477.478615806493,43.058452329759675,-0.11701130260593595
2023-12-12,101.86597007926176,20986.68449781988,50.70846573538846,-0.18019804375800197
2023-12-13,101.1419279085131,16773.247016125504,33.514659965793335,0.054146272820478805
2023-12-14,100.43819602132483,26891.56794549531,44.02507724836723,0.0759155160302647
2023-12-15,100.07897391069861,21615.86141135373,31.32812435165466,-0.057651040072671945
2023-12-16,99.97225033484268,38240.51906727622,33.14313988620083,-0.259104229214491
2023-12-17,100.12770411764168,23321.10035372819,45.87693104806384,-0.05462444482524828
2023-12-18,100.86538222611645,23745.56085753318,35.30863016172241,0.03918040054025465
2023-12-19,101.29421203771747,18364.851898613004,52.70163393046232,-0.1478911568774129
2023-12-20,101.21424277273576,21408.154677886832,57.578598765490625,0.018335991977915564
2023-12-21,101.20473466878441,25691.12510128491,62.02346796436331,-0.0015309849172995557
2023-12-22,100.7034699864655,9366.696986783958,38.0060097697924,0.05792914996010884
2023-12-23,100.69421341846932,11225.096269792139,36.69930329036279,0.011958036841415326
2023-12-24,100.54988409900925,31940.562955201913,34.18271361337601,-0.09730689408815556
2023-12-25,100.71124337917828,23990.968333435616,55.457209981745464,0.11965715016644914
2023-12-26,100.29762790740213,20090.620268529972,58.25902905947605,-0.015852957302697004
2023-12-27,100.55730116452271,22230.421475335592,31.26344579302568,-0.002730453950993186
2023-12-28,101.323670621024,26207.236467985254,67.4484898497476,-0.09332679590731961
2023-12-29,101.26929054679557,16816.572875865855,32.0788513460589,-0.044328225119151035
2023-12-30,101.47014640784504,14925.816405470865,51.65185341204282,-0.0884802714026901
2023-12-31,101.8152184037006,24292.492416738896,58.36242077803666,-0.0172946059923423
2024-01-01,101.61460816775768,13504.977648781192,64.83876494984342,0.17117084801423435
